序号,订单号,订单类型,商品名称,订单日期,订单时间,起租日期,退租日期,结算日期,租金
1,WT_ZL_251130_00009,正常订单,头盔,2025-11-30,11:17:00,2025-11-30,2025-11-30,2025-11-30,70.00
2,WT_ZL_251130_00007,正常订单,普通单板套餐,2025-11-30,10:43:07,2025-11-30,2025-11-30,2025-11-30,230.00
3,WT_ZL_251130_00005,正常订单,头盔,2025-11-30,09:10:05,2025-11-30,2025-11-30,2025-11-30,70.00
4,WT_ZL_251130_00003,正常订单,【单板鞋】其他,2025-11-30,08:45:47,2025-11-30,2025-11-30,2025-11-30,120.00
5,WT_ZL_251130_00002,正常订单,【高级】民用高级+青少竞技+公园野雪,2025-11-30,08:40:40,2025-11-30,2025-11-30,2025-11-30,180.00
6,WT_ZL_251130_00001,正常订单,【双板鞋】全品牌,2025-11-30,08:25:00,2025-11-30,2025-11-30,2025-11-30,120.00
7,WT_ZL_251129_00023,正常订单,【成人中端】雪服Nandn/Swagli/Trake,2025-11-29,18:50:56,2025-11-29,2025-11-29,2025-11-29,80.00
8,WT_ZL_251129_00022,正常订单,【高级】民用高级+青少竞技+公园野雪,2025-11-29,18:23:51,2025-11-29,2025-11-30,2025-11-29,180.00
9,WT_ZL_251129_00021,正常订单,Nandn/Swagli/Trake雪服套装,2025-11-29,17:28:15,2025-11-29,2025-11-29,2025-11-29,100.00
10,WT_ZL_251129_00020,正常订单,【单板鞋】其他,2025-11-29,14:37:15,2025-11-29,2025-11-29,2025-11-29,110.00
11,WT_ZL_251129_00018,正常订单,【高级】民用高级+青少竞技+公园野雪,2025-11-29,12:57:03,2025-11-29,2025-11-30,2025-11-30,400.00
12,WT_ZL_251129_00017,正常订单,【其他】普通单板,2025-11-29,12:40:24,2025-11-29,2025-11-29,2025-11-29,150.00
13,WT_ZL_251129_00016,正常订单,【单板鞋】其他,2025-11-29,12:30:37,2025-11-29,2025-11-29,2025-11-29,120.00
14,WT_ZL_251129_00014,正常订单,【其他】雪杖,2025-11-29,11:53:51,2025-11-29,2025-11-29,2025-11-29,50.00
15,WT_ZL_251129_00013,正常订单,【双板鞋】全品牌,2025-11-29,11:45:50,2025-11-29,2025-11-30,2025-11-30,240.00
16,QJ_ZL_251129_00001,正常订单,普通单板套餐,2025-11-29,11:45:41,2025-11-29,2025-11-30,2025-11-30,200.00
17,QJ_ZL_251129_00001,正常订单,【其他】普通单板,2025-11-29,11:45:41,2025-11-29,2025-11-30,2025-11-30,80.00
18,QJ_ZL_251129_00001,正常订单,普通单板套餐,2025-11-29,11:45:41,2025-11-29,2025-11-30,2025-11-30,200.00
19,WT_ZL_251129_00012,正常订单,高级双板套餐,2025-11-29,10:34:45,2025-11-29,2025-11-30,2025-11-30,540.00
20,WT_ZL_251129_00011,正常订单,【单板鞋】BurtonStepOn,2025-11-29,10:12:12,2025-11-29,2025-11-29,2025-11-29,180.00
21,WT_ZL_251129_00010,正常订单,StockLi,2025-11-29,10:07:24,2025-11-29,2025-11-30,2025-11-30,520.00
22,WT_ZL_251129_00009,正常订单,【其他】雪杖,2025-11-29,10:03:00,2025-11-29,2025-11-29,2025-11-29,50.00
23,WT_ZL_251129_00008,正常订单,【成人中端】雪服Awka小树/nobaday,2025-11-29,09:51:49,2025-11-29,2025-11-29,2025-11-29,80.00
24,WT_ZL_251129_00008,正常订单,小乌龟护臀,2025-11-29,09:51:49,2025-11-29,2025-11-29,2025-11-29,50.00
25,WT_ZL_251129_00007,正常订单,高级双板套餐,2025-11-29,09:35:51,2025-11-29,2025-11-30,2025-11-30,540.00
26,WT_ZL_251129_00005,正常订单,【高级】民用高级+青少竞技+公园野雪,2025-11-29,09:33:38,2025-11-29,2025-11-29,2025-11-29,220.00
27,WT_ZL_251129_00006,正常订单,【高级】民用高级+青少竞技+公园野雪,2025-11-29,09:33:31,2025-11-29,2025-11-29,2025-11-29,220.00
28,WT_ZL_251129_00004,正常订单,中级双板套餐,2025-11-29,09:18:30,2025-11-29,2025-11-30,2025-11-30,360.00
29,WT_ZL_251129_00004,正常订单,中级双板套餐,2025-11-29,09:18:30,2025-11-29,2025-11-30,2025-11-30,360.00
30,WT_ZL_251129_00003,正常订单,【中级】全能板+青少全能,2025-11-29,08:50:42,2025-11-29,2025-11-29,2025-11-29,150.00
31,WT_ZL_251129_00001,正常订单,手套,2025-11-29,08:21:22,2025-11-29,2025-11-29,2025-11-29,50.00
32,QJ_ZL_251128_00001,正常订单,【FIS】双板,2025-11-28,15:13:30,2025-11-29,2025-11-29,2025-11-29,260.00
33,WT_ZL_251128_00006,正常订单,【单板鞋】其他,2025-11-28,11:42:18,2025-11-28,2025-11-28,2025-11-29,120.00
34,WT_ZL_251128_00005,正常订单,中级双板套餐,2025-11-28,09:59:45,2025-11-28,2025-11-28,2025-11-28,180.00
35,WT_ZL_251128_00005,正常订单,【其他】普通单板,2025-11-28,09:59:45,2025-11-28,2025-11-28,2025-11-28,150.00
36,WT_ZL_251128_00004,正常订单,【单板鞋】其他,2025-11-28,09:49:30,2025-11-28,2025-11-28,2025-11-28,120.00
37,WT_ZL_251128_00002,正常订单,【单板鞋】BurtonStepOn,2025-11-28,09:43:09,2025-11-28,2025-11-28,2025-11-28,180.00
38,WT_ZL_251128_00001,正常订单,【中级】全能板+青少全能,2025-11-28,09:23:52,2025-11-28,2025-11-30,2025-11-30,390.00
39,WT_ZL_251128_00001,正常订单,【中级】全能板+青少全能,2025-11-28,09:23:52,2025-11-28,2025-11-30,2025-11-30,390.00
40,WT_ZL_251128_00001,正常订单,【中级】全能板+青少全能,2025-11-28,09:23:52,2025-11-28,2025-11-30,2025-11-30,390.00
41,WT_ZL_251127_00007,正常订单,头盔,2025-11-27,15:40:34,2025-11-27,2025-11-28,2025-11-29,120.00
42,WT_ZL_251127_00007,正常订单,头盔,2025-11-27,15:40:34,2025-11-27,2025-11-28,2025-11-29,120.00
43,WT_ZL_251127_00005,正常订单,【其他】普通单板,2025-11-27,11:40:39,2025-11-27,2025-11-27,2025-11-27,120.00
44,WT_ZL_251127_00003,正常订单,头盔,2025-11-27,11:02:07,2025-11-27,2025-11-27,2025-11-27,60.00
45,WT_ZL_251127_00003,正常订单,头盔,2025-11-27,11:02:07,2025-11-27,2025-11-27,2025-11-27,60.00
46,WT_ZL_251127_00003,正常订单,雪镜,2025-11-27,11:02:07,2025-11-27,2025-11-27,2025-11-27,60.00
47,WT_ZL_251127_00002,正常订单,【高级】民用高级+青少竞技+公园野雪,2025-11-27,09:47:33,2025-11-27,2025-11-27,2025-11-27,180.00
48,WT_ZL_251127_00001,正常订单,【高级】民用高级+青少竞技+公园野雪,2025-11-27,08:37:50,2025-11-27,2025-11-30,2025-11-30,720.00
49,QJ_ZL_251126_00002,临时订单,--,2025-11-26,17:11:47,2025-11-26,2025-11-26,2025-11-28,300.00
50,WT_ZL_251126_00008,正常订单,【高级】民用高级+青少竞技+公园野雪,2025-11-26,13:15:20,2025-11-26,2025-11-27,2025-11-27,180.00
51,WT_ZL_251126_00007,正常订单,【单板鞋】其他,2025-11-26,12:49:33,2025-11-26,2025-11-26,2025-11-26,110.00
52,WT_ZL_251126_00007,正常订单,【单板鞋】其他,2025-11-26,12:49:33,2025-11-26,2025-11-26,2025-11-26,110.00
53,WT_ZL_251126_00007,正常订单,头盔,2025-11-26,12:49:33,2025-11-26,2025-11-26,2025-11-26,60.00
54,WT_ZL_251126_00007,正常订单,雪镜,2025-11-26,12:49:33,2025-11-26,2025-11-26,2025-11-26,60.00
55,WT_ZL_251126_00006,正常订单,中级双板套餐,2025-11-26,12:40:22,2025-11-26,2025-11-26,2025-11-26,200.00
56,WT_ZL_251126_00003,正常订单,BurtonStepOn套餐,2025-11-26,10:34:26,2025-11-26,2025-11-28,2025-11-28,960.00
57,WT_ZL_251126_00001,正常订单,【中级】全能板+青少全能,2025-11-26,08:50:01,2025-11-26,2025-11-26,2025-11-26,150.00
58,WT_ZL_251125_00014,正常订单,【单板鞋】其他,2025-11-25,18:36:20,2025-11-25,2025-11-25,2025-11-25,120.00
59,WT_ZL_251125_00013,正常订单,【单板鞋】其他,2025-11-25,18:30:30,2025-11-25,2025-11-25,2025-11-25,120.00
60,WT_ZL_251125_00012,正常订单,Nandn/Swagli/Trake雪服套装,2025-11-25,15:33:09,2025-11-25,2025-11-25,2025-11-25,100.00
61,WT_ZL_251125_00012,正常订单,Nandn/Swagli/Trake雪服套装,2025-11-25,15:33:09,2025-11-25,2025-11-25,2025-11-25,100.00
62,WT_ZL_251125_00010,正常订单,中级双板套餐,2025-11-25,13:44:44,2025-11-25,2025-11-25,2025-11-25,180.00
63,WT_ZL_251125_00009,正常订单,普通单板套餐,2025-11-25,13:25:53,2025-11-25,2025-11-25,2025-11-25,200.00
64,WT_ZL_251125_00009,正常订单,头盔,2025-11-25,13:25:53,2025-11-25,2025-11-25,2025-11-25,60.00
65,WT_ZL_251125_00008,正常订单,【单板鞋】其他,2025-11-25,11:55:08,2025-11-25,2025-11-25,2025-11-25,120.00
66,WT_ZL_251125_00004,正常订单,【高级】民用高级+青少竞技+公园野雪,2025-11-25,10:33:10,2025-11-25,2025-11-25,2025-11-25,220.00
67,WT_ZL_251125_00001,正常订单,中级双板套餐,2025-11-25,08:22:06,2025-11-25,2025-11-26,2025-11-26,400.00
68,WT_ZL_251124_00006,正常订单,雪镜,2025-11-24,12:40:10,2025-11-24,2025-11-24,2025-11-24,70.00
69,WT_ZL_251124_00005,正常订单,普通单板套餐,2025-11-24,11:21:48,2025-11-24,2025-11-26,2025-11-25,400.00
70,QJ_ZL_251124_00001,正常订单,【双板鞋】全品牌,2025-11-24,10:51:11,2025-11-24,2025-11-28,2025-11-28,300.00
71,QJ_ZL_251124_00001,正常订单,【双板鞋】全品牌,2025-11-24,10:51:11,2025-11-24,2025-11-28,2025-11-28,300.00
72,WT_ZL_251124_00004,正常订单,【中级】全能板+青少全能,2025-11-24,10:48:39,2025-11-24,2025-11-24,2025-11-24,130.00
73,WT_ZL_251124_00003,正常订单,【中级】全能板+青少全能,2025-11-24,10:12:02,2025-11-24,2025-11-24,2025-11-24,130.00
74,WT_ZL_251124_00002,正常订单,普通单板套餐,2025-11-24,10:04:42,2025-11-24,2025-11-28,2025-11-28,1000.00
75,WT_ZL_251124_00001,正常订单,【单板鞋】其他,2025-11-24,09:10:52,2025-11-24,2025-11-24,2025-11-24,110.00
76,QJ_ZL_251123_00004,临时订单,--,2025-11-23,18:04:34,2025-11-23,2025-11-23,2025-11-23,200.00
77,QJ_ZL_251123_00002,临时订单,--,2025-11-23,17:50:35,2025-11-23,2025-11-23,2025-11-23,700.00
78,WT_ZL_251123_00005,正常订单,【其他】普通单板,2025-11-23,12:30:39,2025-11-23,2025-11-23,2025-11-23,180.00
79,WT_ZL_251123_00003,正常订单,【单板鞋】其他,2025-11-23,08:44:03,2025-11-23,2025-11-23,2025-11-23,110.00
80,WT_ZL_251123_00002,正常订单,【高级】民用高级+青少竞技+公园野雪,2025-11-23,08:28:20,2025-11-23,2025-11-23,2025-11-23,220.00
81,WT_ZL_251123_00001,正常订单,【高级】民用高级+青少竞技+公园野雪,2025-11-23,08:15:35,2025-11-23,2025-11-23,2025-11-23,180.00
82,WT_ZL_251123_00001,正常订单,【高级】民用高级+青少竞技+公园野雪,2025-11-23,08:15:35,2025-11-23,2025-11-23,2025-11-23,220.00
83,WT_ZL_251123_00001,正常订单,【高级】民用高级+青少竞技+公园野雪,2025-11-23,08:15:35,2025-11-23,2025-11-23,2025-11-23,220.00
84,QJ_ZL_251122_00001,正常订单,【单板鞋】其他,2025-11-22,20:48:34,2025-11-23,2025-11-23,2025-11-23,60.00
85,WT_ZL_251122_00033,正常订单,头盔,2025-11-22,18:13:42,2025-11-22,2025-11-22,2025-11-22,60.00
86,WT_ZL_251122_00032,正常订单,Nandn/Swagli/Trake雪服套装,2025-11-22,17:34:20,2025-11-22,2025-11-22,2025-11-22,120.00
87,WT_ZL_251122_00032,正常订单,Nandn/Swagli/Trake雪服套装,2025-11-22,17:34:20,2025-11-22,2025-11-22,2025-11-22,120.00
88,WT_ZL_251122_00031,正常订单,【其他】普通单板,2025-11-22,14:44:48,2025-11-22,2025-11-23,2025-11-23,300.00
89,WT_ZL_251122_00030,正常订单,【其他】普通单板,2025-11-22,14:01:21,2025-11-22,2025-11-22,2025-11-22,150.00
90,WT_ZL_251122_00028,正常订单,小乌龟套装,2025-11-22,13:52:09,2025-11-22,2025-11-22,2025-11-22,50.00
91,WT_ZL_251122_00028,正常订单,小乌龟套装,2025-11-22,13:52:09,2025-11-22,2025-11-22,2025-11-22,50.00
92,WT_ZL_251122_00027,正常订单,头盔,2025-11-22,13:45:06,2025-11-22,2025-11-22,2025-11-22,60.00
93,WT_ZL_251122_00027,正常订单,雪镜,2025-11-22,13:45:06,2025-11-22,2025-11-22,2025-11-22,60.00
94,WT_ZL_251122_00025,正常订单,【中级】全能板+青少全能,2025-11-22,13:30:27,2025-11-22,2025-11-23,2025-11-23,260.00
95,WT_ZL_251122_00024,正常订单,【其他】普通单板,2025-11-22,13:19:37,2025-11-22,2025-11-22,2025-11-22,150.00
96,WT_ZL_251122_00023,正常订单,【双板鞋】全品牌,2025-11-22,12:56:55,2025-11-22,2025-11-23,2025-11-23,220.00
97,WT_ZL_251122_00021,正常订单,普通单板套餐,2025-11-22,11:22:40,2025-11-22,2025-11-22,2025-11-22,230.00
98,WT_ZL_251122_00020,正常订单,【中级】全能板+青少全能,2025-11-22,11:10:35,2025-11-22,2025-11-22,2025-11-22,130.00
99,WT_ZL_251122_00019,正常订单,【双板鞋】全品牌,2025-11-22,11:08:53,2025-11-22,2025-11-22,2025-11-22,110.00
100,WT_ZL_251122_00017,正常订单,【高级】民用高级+青少竞技+公园野雪,2025-11-22,10:36:13,2025-11-22,2025-11-22,2025-11-22,220.00
101,WT_ZL_251122_00015,正常订单,中级双板套餐,2025-11-22,09:51:42,2025-11-22,2025-11-22,2025-11-22,200.00
102,WT_ZL_251122_00014,正常订单,Nandn/Swagli/Trake雪服套装,2025-11-22,09:51:30,2025-11-22,2025-11-22,2025-11-22,120.00
103,WT_ZL_251122_00013,正常订单,【其他】雪杖,2025-11-22,09:47:21,2025-11-22,2025-11-22,2025-11-22,50.00
104,WT_ZL_251122_00012,正常订单,雪镜,2025-11-22,09:37:22,2025-11-22,2025-11-22,2025-11-22,70.00
105,WT_ZL_251122_00011,正常订单,普通单板套餐,2025-11-22,09:30:47,2025-11-22,2025-11-23,2025-11-23,400.00
106,WT_ZL_251122_00010,正常订单,中级双板套餐,2025-11-22,09:23:26,2025-11-22,2025-11-23,2025-11-23,380.00
107,WT_ZL_251122_00009,正常订单,【高级】民用高级+青少竞技+公园野雪,2025-11-22,09:16:09,2025-11-22,2025-11-22,2025-11-22,220.00
108,WT_ZL_251122_00008,正常订单,【双板鞋】全品牌,2025-11-22,09:15:28,2025-11-22,2025-11-22,2025-11-22,120.00
109,WT_ZL_251122_00007,正常订单,手套,2025-11-22,09:14:30,2025-11-22,2025-11-22,2025-11-22,50.00
110,WT_ZL_251122_00005,正常订单,【其他】雪杖,2025-11-22,08:52:53,2025-11-22,2025-11-22,2025-11-22,40.00
111,WT_ZL_251122_00004,正常订单,普通单板套餐,2025-11-22,08:41:34,2025-11-22,2025-11-22,2025-11-23,200.00
112,WT_ZL_251122_00002,正常订单,雪镜,2025-11-22,08:13:40,2025-11-22,2025-11-22,2025-11-22,70.00
113,WT_ZL_251121_00011,正常订单,普通单板套餐,2025-11-21,18:44:59,2025-11-21,2025-11-21,2025-11-21,200.00
114,WT_ZL_251121_00011,正常订单,头盔,2025-11-21,18:44:59,2025-11-21,2025-11-21,2025-11-21,60.00
115,WT_ZL_251121_00009,正常订单,【高级】民用高级+青少竞技+公园野雪,2025-11-21,14:30:13,2025-11-21,2025-11-23,2025-11-23,540.00
116,WT_ZL_251121_00008,正常订单,Nandn/Swagli/Trake雪服套装,2025-11-21,13:46:02,2025-11-21,2025-11-21,2025-11-21,120.00
117,WT_ZL_251121_00006,正常订单,【中级】全能板+青少全能,2025-11-21,11:52:59,2025-11-21,2025-11-22,2025-11-22,260.00
118,WT_ZL_251121_00005,正常订单,Awka小树/nobaday雪服套装,2025-11-21,10:54:47,2025-11-21,2025-11-21,2025-11-21,180.00
119,WT_ZL_251121_00005,正常订单,头盔,2025-11-21,10:54:47,2025-11-21,2025-11-21,2025-11-21,70.00
120,WT_ZL_251121_00004,正常订单,高级双板套餐,2025-11-21,10:46:02,2025-11-21,2025-11-21,2025-11-21,270.00
121,WT_ZL_251121_00003,正常订单,【单板鞋】其他,2025-11-21,10:19:06,2025-11-21,2025-11-21,2025-11-21,120.00
122,WT_ZL_251121_00002,正常订单,普通单板套餐,2025-11-21,09:24:35,2025-11-21,2025-11-21,2025-11-21,200.00
123,WT_ZL_251121_00001,正常订单,Awka小树/nobaday雪服套装,2025-11-21,09:20:14,2025-11-21,2025-11-21,2025-11-21,150.00
124,WT_ZL_251121_00001,正常订单,普通单板套餐,2025-11-21,09:20:14,2025-11-21,2025-11-21,2025-11-21,200.00
125,WT_ZL_251121_00001,正常订单,头盔,2025-11-21,09:20:14,2025-11-21,2025-11-21,2025-11-21,60.00
126,WT_ZL_251121_00001,正常订单,雪镜,2025-11-21,09:20:14,2025-11-21,2025-11-21,2025-11-21,60.00
127,WT_ZL_251120_00005,正常订单,【单板鞋】其他,2025-11-20,11:48:45,2025-11-20,2025-11-20,2025-11-20,120.00
128,WT_ZL_251120_00003,正常订单,【其他】普通单板,2025-11-20,09:13:16,2025-11-20,2025-11-21,2025-11-21,300.00
129,WT_ZL_251120_00003,正常订单,【其他】普通单板,2025-11-20,09:13:16,2025-11-20,2025-11-21,2025-11-21,300.00
130,WT_ZL_251120_00002,正常订单,【单板鞋】其他,2025-11-20,09:03:20,2025-11-20,2025-11-22,2025-11-23,440.00
131,WT_ZL_251120_00001,正常订单,【成人中端】雪裤Awka小树/nobaday,2025-11-20,08:35:48,2025-11-20,2025-11-20,2025-11-20,80.00
132,WT_ZL_251119_00006,正常订单,BurtonStepOn套餐,2025-11-19,18:43:16,2025-11-19,2025-11-21,2025-11-21,960.00
133,WT_ZL_251119_00002,正常订单,【高级】民用高级+青少竞技+公园野雪,2025-11-19,09:58:42,2025-11-19,2025-11-19,2025-11-19,180.00
134,WT_ZL_251118_00007,正常订单,【成人中端】雪裤Nandn/Swagli/Trake,2025-11-18,17:43:19,2025-11-18,2025-11-19,2025-11-19,160.00
135,WT_ZL_251118_00006,正常订单,普通单板套餐,2025-11-18,12:07:30,2025-11-18,2025-11-20,2025-11-20,600.00
136,WT_ZL_251118_00006,正常订单,Awka小树/nobaday雪服套装,2025-11-18,12:07:30,2025-11-18,2025-11-20,2025-11-20,450.00
137,WT_ZL_251118_00006,正常订单,头盔,2025-11-18,12:07:30,2025-11-18,2025-11-20,2025-11-20,180.00
138,WT_ZL_251118_00005,正常订单,头盔,2025-11-18,11:58:05,2025-11-18,2025-11-18,2025-11-18,60.00
139,WT_ZL_251118_00004,正常订单,【单板鞋】其他,2025-11-18,11:33:02,2025-11-18,2025-11-18,2025-11-18,120.00
140,WT_ZL_251118_00003,正常订单,【FIS】双板,2025-11-18,10:37:00,2025-11-18,2025-11-19,2025-11-19,560.00
141,WT_ZL_251118_00002,正常订单,手套,2025-11-18,09:41:56,2025-11-18,2025-11-18,2025-11-18,50.00
142,WT_ZL_251117_00004,正常订单,小乌龟套装,2025-11-17,12:14:47,2025-11-17,2025-11-17,2025-11-17,60.00
143,WT_ZL_251117_00003,正常订单,小乌龟护臀,2025-11-17,10:46:21,2025-11-17,2025-11-17,2025-11-17,50.00
144,WT_ZL_251116_00016,正常订单,Nandn/Swagli/Trake雪服套装,2025-11-16,13:50:48,2025-11-16,2025-11-16,2025-11-16,100.00
145,WT_ZL_251116_00016,正常订单,Nandn/Swagli/Trake雪服套装,2025-11-16,13:50:48,2025-11-16,2025-11-16,2025-11-16,100.00
146,WT_ZL_251116_00016,正常订单,小乌龟护臀,2025-11-16,13:50:48,2025-11-16,2025-11-16,2025-11-16,50.00
147,WT_ZL_251116_00015,正常订单,Awka小树/nobaday雪服套装,2025-11-16,13:13:41,2025-11-16,2025-11-16,2025-11-16,150.00
148,WT_ZL_251116_00015,正常订单,Awka小树/nobaday雪服套装,2025-11-16,13:13:41,2025-11-16,2025-11-16,2025-11-16,150.00
149,WT_ZL_251116_00014,正常订单,【双板鞋】全品牌,2025-11-16,12:43:44,2025-11-16,2025-11-16,2025-11-16,120.00
150,WT_ZL_251116_00013,正常订单,普通单板套餐,2025-11-16,11:50:12,2025-11-16,2025-11-16,2025-11-16,230.00
151,WT_ZL_251116_00012,正常订单,小乌龟护臀,2025-11-16,11:31:23,2025-11-16,2025-11-16,2025-11-16,50.00
152,WT_ZL_251116_00010,正常订单,小乌龟套装,2025-11-16,10:38:35,2025-11-16,2025-11-16,2025-11-16,50.00
153,WT_ZL_251116_00010,正常订单,小乌龟套装,2025-11-16,10:38:35,2025-11-16,2025-11-16,2025-11-16,50.00
154,WT_ZL_251116_00009,正常订单,小乌龟护臀,2025-11-16,10:29:58,2025-11-16,2025-11-16,2025-11-16,50.00
155,WT_ZL_251116_00007,正常订单,手套,2025-11-16,10:03:29,2025-11-16,2025-11-16,2025-11-16,50.00
156,WT_ZL_251116_00007,正常订单,手套,2025-11-16,10:03:29,2025-11-16,2025-11-16,2025-11-16,50.00
157,WT_ZL_251116_00006,正常订单,普通单板套餐,2025-11-16,09:47:23,2025-11-16,2025-11-16,2025-11-16,230.00
158,WT_ZL_251116_00004,正常订单,【高级】民用高级+青少竞技+公园野雪,2025-11-16,09:18:17,2025-11-16,2025-11-16,2025-11-16,220.00
159,WT_ZL_251116_00003,正常订单,普通单板套餐,2025-11-16,09:04:16,2025-11-16,2025-11-16,2025-11-16,230.00
160,WT_ZL_251116_00002,正常订单,【高级】民用高级+青少竞技+公园野雪,2025-11-16,08:56:08,2025-11-16,2025-11-18,2025-11-18,540.00
161,WT_ZL_251116_00002,正常订单,【其他】雪杖,2025-11-16,08:56:08,2025-11-16,2025-11-18,2025-11-18,120.00
162,WT_ZL_251116_00002,正常订单,【高级】民用高级+青少竞技+公园野雪,2025-11-16,08:56:08,2025-11-16,2025-11-18,2025-11-18,540.00
163,WT_ZL_251116_00002,正常订单,【其他】雪杖,2025-11-16,08:56:08,2025-11-16,2025-11-18,2025-11-18,120.00
164,WT_ZL_251116_00001,正常订单,【其他】普通单板,2025-11-16,08:49:58,2025-11-16,2025-11-16,2025-11-16,180.00
165,WT_ZL_251115_00030,正常订单,Awka小树/nobaday雪服套装,2025-11-15,18:56:32,2025-11-15,2025-11-15,2025-11-15,150.00
166,WT_ZL_251115_00030,正常订单,Awka小树/nobaday雪服套装,2025-11-15,18:56:32,2025-11-15,2025-11-15,2025-11-15,150.00
167,WT_ZL_251115_00030,正常订单,普通单板套餐,2025-11-15,18:56:32,2025-11-15,2025-11-15,2025-11-15,200.00
168,WT_ZL_251115_00029,正常订单,Awka小树/nobaday雪服套装,2025-11-15,18:42:15,2025-11-15,2025-11-16,2025-11-16,300.00
169,WT_ZL_251115_00028,正常订单,【成人中端】雪裤Awka小树/nobaday,2025-11-15,18:34:30,2025-11-15,2025-11-15,2025-11-15,80.00
170,WT_ZL_251115_00027,正常订单,【其他】雪杖,2025-11-15,18:28:28,2025-11-15,2025-11-15,2025-11-15,50.00
171,WT_ZL_251115_00026,正常订单,小乌龟护膝,2025-11-15,18:07:54,2025-11-15,2025-11-15,2025-11-15,40.00
172,WT_ZL_251115_00025,正常订单,小乌龟套装,2025-11-15,17:44:18,2025-11-15,2025-11-15,2025-11-15,50.00
173,WT_ZL_251115_00024,正常订单,【其他】普通单板,2025-11-15,17:31:28,2025-11-15,2025-11-15,2025-11-15,150.00
174,WT_ZL_251115_00023,正常订单,【其他】普通单板,2025-11-15,15:55:59,2025-11-15,2025-11-16,2025-11-16,300.00
175,WT_ZL_251115_00022,临时订单,--,2025-11-15,15:25:08,2025-11-15,2025-11-15,2025-11-16,180.00
176,WT_ZL_251115_00021,正常订单,小乌龟套装,2025-11-15,13:28:55,2025-11-15,2025-11-15,2025-11-15,50.00
177,WT_ZL_251115_00021,正常订单,小乌龟套装,2025-11-15,13:28:55,2025-11-15,2025-11-15,2025-11-15,50.00
178,WT_ZL_251115_00021,正常订单,小乌龟套装,2025-11-15,13:28:55,2025-11-15,2025-11-15,2025-11-15,50.00
179,WT_ZL_251115_00019,正常订单,小乌龟护臀,2025-11-15,13:08:38,2025-11-15,2025-11-16,2025-11-16,80.00
180,WT_ZL_251115_00018,正常订单,小乌龟护臀,2025-11-15,12:36:27,2025-11-15,2025-11-15,2025-11-15,50.00
181,WT_ZL_251115_00017,正常订单,普通单板套餐,2025-11-15,12:13:05,2025-11-15,2025-11-15,2025-11-15,230.00
182,WT_ZL_251115_00016,正常订单,中级双板套餐,2025-11-15,11:27:22,2025-11-15,2025-11-15,2025-11-15,200.00
183,WT_ZL_251115_00015,正常订单,【高级】民用高级+青少竞技+公园野雪,2025-11-15,11:25:51,2025-11-15,2025-11-15,2025-11-15,220.00
184,WT_ZL_251115_00014,正常订单,小乌龟套装,2025-11-15,11:12:39,2025-11-15,2025-11-15,2025-11-15,60.00
185,WT_ZL_251115_00013,正常订单,【其他】普通单板,2025-11-15,10:43:26,2025-11-15,2025-11-15,2025-11-15,180.00
186,WT_ZL_251115_00012,正常订单,【其他】雪杖,2025-11-15,10:31:07,2025-11-15,2025-11-15,2025-11-15,40.00
187,WT_ZL_251115_00011,正常订单,中级双板套餐,2025-11-15,10:08:59,2025-11-15,2025-11-15,2025-11-15,180.00
188,WT_ZL_251115_00010,正常订单,【其他】雪杖,2025-11-15,10:00:12,2025-11-15,2025-11-15,2025-11-15,50.00
189,WT_ZL_251115_00010,正常订单,【其他】雪杖,2025-11-15,10:00:12,2025-11-15,2025-11-15,2025-11-15,50.00
190,WT_ZL_251115_00009,正常订单,雪镜,2025-11-15,09:52:51,2025-11-15,2025-11-15,2025-11-15,70.00
191,WT_ZL_251115_00008,正常订单,【成人中端】雪裤Nandn/Swagli/Trake,2025-11-15,09:47:05,2025-11-15,2025-11-15,2025-11-15,80.00
192,WT_ZL_251115_00008,正常订单,内穿护具套装,2025-11-15,09:47:05,2025-11-15,2025-11-15,2025-11-15,50.00
193,WT_ZL_251115_00007,正常订单,普通单板套餐,2025-11-15,09:26:31,2025-11-15,2025-11-15,2025-11-15,230.00
194,WT_ZL_251115_00005,正常订单,BurtonStepOn套餐,2025-11-15,09:21:28,2025-11-15,2025-11-15,2025-11-15,320.00
195,WT_ZL_251115_00002,正常订单,【单板鞋】其他,2025-11-15,09:13:12,2025-11-15,2025-11-15,2025-11-15,120.00
196,WT_ZL_251115_00003,正常订单,高级双板套餐,2025-11-15,09:10:04,2025-11-15,2025-11-15,2025-11-15,180.00
197,WT_ZL_251115_00001,正常订单,【其他】普通单板,2025-11-15,08:08:04,2025-11-15,2025-11-15,2025-11-15,180.00
198,WT_ZL_251114_00008,正常订单,【其他】,2025-11-14,15:00:32,2025-11-14,2025-11-14,2025-11-14,100.00
199,WT_ZL_251114_00007,正常订单,【其他】,2025-11-14,14:20:21,2025-11-14,2025-11-14,2025-11-14,150.00
200,WT_ZL_251114_00006,正常订单,普通单板套餐,2025-11-14,14:17:47,2025-11-14,2025-11-14,2025-11-14,200.00
201,WT_ZL_251114_00005,正常订单,【中级】全能板+青少全能,2025-11-14,13:14:12,2025-11-14,2025-11-15,2025-11-15,260.00
202,WT_ZL_251114_00004,正常订单,Nandn/Swagli/Trake雪服套装,2025-11-14,12:45:31,2025-11-14,2025-11-14,2025-11-14,120.00
203,WT_ZL_251114_00002,正常订单,【双板鞋】全品牌,2025-11-14,09:18:44,2025-11-14,2025-11-14,2025-11-14,120.00
204,WT_ZL_251114_00001,临时订单,--,2025-11-14,08:28:25,2025-11-14,2025-11-14,2025-11-14,220.00
205,WT_ZL_251112_00006,正常订单,手套,2025-11-12,18:10:23,2025-11-12,2025-11-17,2025-11-17,120.00
206,WT_ZL_251112_00005,正常订单,小乌龟护臀,2025-11-12,14:37:54,2025-11-12,2025-11-12,2025-11-12,40.00
207,WT_ZL_251112_00003,正常订单,高级双板套餐,2025-11-12,09:31:39,2025-11-12,2025-11-12,2025-11-12,270.00
208,WT_ZL_251112_00003,正常订单,高级双板套餐,2025-11-12,09:31:39,2025-11-12,2025-11-12,2025-11-12,270.00
209,WT_ZL_251112_00003,正常订单,头盔,2025-11-12,09:31:39,2025-11-12,2025-11-12,2025-11-12,60.00
210,WT_ZL_251112_00003,正常订单,雪镜,2025-11-12,09:31:39,2025-11-12,2025-11-12,2025-11-12,60.00
211,WT_ZL_251112_00002,临时订单,--,2025-11-12,09:26:25,2025-11-12,2025-11-12,2025-11-13,360.00
212,WT_ZL_251111_00003,临时订单,--,2025-11-11,12:26:54,2025-11-11,2025-11-11,2025-11-11,180.00
213,WT_ZL_251111_00002,正常订单,高级双板套餐,2025-11-11,10:56:54,2025-11-11,2025-11-12,2025-11-12,540.00
214,WT_ZL_251111_00001,正常订单,【单板鞋】其他,2025-11-11,09:57:21,2025-11-11,2025-11-11,2025-11-11,120.00
215,WT_ZL_251110_00002,临时订单,--,2025-11-10,17:59:18,2025-11-10,2025-11-10,2025-11-12,360.00
216,WT_ZL_251110_00001,正常订单,【单板鞋】其他,2025-11-10,11:26:18,2025-11-10,2025-11-10,2025-11-10,120.00
217,WT_ZL_251109_00008,正常订单,小乌龟护臀,2025-11-09,15:53:45,2025-11-09,2025-11-09,2025-11-14,50.00
218,WT_ZL_251109_00004,临时订单,--,2025-11-09,09:49:45,2025-11-09,2025-11-09,2025-11-09,180.00
219,WT_ZL_251109_00003,正常订单,【单板鞋】其他,2025-11-09,08:58:06,2025-11-09,2025-11-09,2025-11-09,120.00
220,WT_ZL_251109_00002,正常订单,【单板鞋】其他,2025-11-09,08:52:01,2025-11-09,2025-11-09,2025-11-09,120.00
221,WT_ZL_251109_00001,临时订单,--,2025-11-09,08:36:55,2025-11-09,2025-11-09,2025-11-09,50.00
222,WT_ZL_251108_00027,临时订单,--,2025-11-08,19:15:13,2025-11-08,2025-11-08,2025-11-08,180.00
223,WT_ZL_251108_00026,正常订单,小乌龟套装,2025-11-08,18:32:41,2025-11-08,2025-11-08,2025-11-08,50.00
224,WT_ZL_251108_00025,正常订单,小乌龟套装,2025-11-08,18:31:34,2025-11-08,2025-11-08,2025-11-08,50.00
225,WT_ZL_251108_00025,正常订单,【品牌】手套,2025-11-08,18:31:34,2025-11-08,2025-11-08,2025-11-08,40.00
226,WT_ZL_251108_00024,正常订单,【双板鞋】全品牌,2025-11-08,17:40:25,2025-11-08,2025-11-08,2025-11-08,110.00
227,WT_ZL_251108_00023,正常订单,Phenix雪服套装,2025-11-08,15:01:10,2025-11-08,2025-11-08,2025-11-08,260.00
228,WT_ZL_251108_00023,正常订单,雪镜,2025-11-08,15:01:10,2025-11-08,2025-11-08,2025-11-08,60.00
229,WT_ZL_251108_00019,正常订单,头盔,2025-11-08,13:53:40,2025-11-08,2025-11-09,2025-11-09,120.00
230,WT_ZL_251108_00018,正常订单,中级双板套餐,2025-11-08,13:46:55,2025-11-08,2025-11-09,2025-11-09,360.00
231,WT_ZL_251108_00018,正常订单,【双板鞋】全品牌,2025-11-08,13:46:55,2025-11-08,2025-11-09,2025-11-09,220.00
232,WT_ZL_251108_00017,正常订单,【中级】全能板+青少全能,2025-11-08,13:12:31,2025-11-08,2025-11-10,2025-11-10,390.00
233,WT_ZL_251108_00017,正常订单,【中级】全能板+青少全能,2025-11-08,13:12:31,2025-11-08,2025-11-10,2025-11-10,390.00
234,WT_ZL_251108_00017,正常订单,【中级】全能板+青少全能,2025-11-08,13:12:31,2025-11-08,2025-11-10,2025-11-10,390.00
235,WT_ZL_251108_00016,临时订单,--,2025-11-08,13:01:58,2025-11-08,2025-11-08,2025-11-09,720.00
236,WT_ZL_251108_00014,正常订单,小乌龟套装,2025-11-08,12:03:26,2025-11-08,2025-11-08,2025-11-08,60.00
237,WT_ZL_251108_00011,正常订单,【成人中端】雪裤Awka小树/nobaday,2025-11-08,10:41:00,2025-11-08,2025-11-09,2025-11-09,160.00
238,WT_ZL_251108_00010,临时订单,--,2025-11-08,10:29:31,2025-11-08,2025-11-08,2025-11-08,220.00
239,WT_ZL_251108_00009,正常订单,BurtonStepOn套餐,2025-11-08,10:25:43,2025-11-08,2025-11-09,2025-11-09,640.00
240,WT_ZL_251108_00007,正常订单,雪镜,2025-11-08,10:11:13,2025-11-08,2025-11-08,2025-11-08,70.00
241,WT_ZL_251108_00006,临时订单,--,2025-11-08,09:55:33,2025-11-08,2025-11-08,2025-11-08,300.00
242,WT_ZL_251108_00005,正常订单,BurtonStepOn套餐,2025-11-08,08:49:48,2025-11-08,2025-11-08,2025-11-08,320.00
243,WT_ZL_251108_00005,正常订单,中级双板套餐,2025-11-08,08:49:48,2025-11-08,2025-11-08,2025-11-08,180.00
244,WT_ZL_251108_00004,正常订单,【双板鞋】全品牌,2025-11-08,08:22:45,2025-11-08,2025-11-08,2025-11-08,120.00
245,WT_ZL_251108_00002,临时订单,--,2025-11-08,07:59:11,2025-11-08,2025-11-08,2025-11-08,180.00
246,WT_ZL_251108_00001,正常订单,【单板鞋】其他,2025-11-08,07:50:53,2025-11-08,2025-11-08,2025-11-08,120.00
247,QJ_ZL_251107_00001,正常订单,【高级】民用高级+青少竞技+公园野雪,2025-11-07,22:13:45,2025-11-08,2025-11-08,2025-11-08,220.00
248,WT_ZL_251107_00004,正常订单,【双板鞋】全品牌,2025-11-07,14:51:57,2025-11-07,2025-11-08,2025-11-08,220.00
249,WT_ZL_251107_00003,临时订单,--,2025-11-07,10:03:30,2025-11-07,2025-11-07,2025-11-07,220.00
250,WT_ZL_251107_00002,正常订单,Awka小树/nobaday雪服套装,2025-11-07,09:47:18,2025-11-07,2025-11-07,2025-11-07,180.00
251,WT_ZL_251107_00002,正常订单,Awka小树/nobaday雪服套装,2025-11-07,09:47:18,2025-11-07,2025-11-07,2025-11-07,180.00
252,QJ_ZL_251106_00001,临时订单,--,2025-11-06,18:29:10,2025-11-06,2025-11-06,2025-11-08,720.00
253,WT_ZL_251106_00010,临时订单,--,2025-11-06,12:48:51,2025-11-06,2025-11-06,2025-11-09,1440.00
254,WT_ZL_251106_00009,临时订单,--,2025-11-06,12:41:12,2025-11-06,2025-11-06,2025-11-06,300.00
255,WT_ZL_251106_00006,临时订单,--,2025-11-06,10:01:34,2025-11-06,2025-11-06,2025-11-06,180.00
256,WT_ZL_251106_00005,临时订单,--,2025-11-06,09:55:23,2025-11-06,2025-11-06,2025-11-06,220.00
257,WT_ZL_251106_00004,临时订单,--,2025-11-06,08:38:55,2025-11-06,2025-11-06,2025-11-06,50.00
258,WT_ZL_251105_00009,正常订单,【单板鞋】其他,2025-11-05,20:04:16,2025-11-06,2025-11-06,2025-11-06,110.00
259,WT_ZL_251105_00008,临时订单,--,2025-11-05,18:31:15,2025-11-05,2025-11-05,2025-11-06,110.00
260,WT_ZL_251105_00007,正常订单,小乌龟套装,2025-11-05,18:01:28,2025-11-05,2025-11-06,2025-11-06,100.00
261,WT_ZL_251105_00006,正常订单,内穿护膝,2025-11-05,10:14:13,2025-11-05,2025-11-05,2025-11-05,40.00
262,WT_ZL_251105_00004,临时订单,--,2025-11-05,09:41:05,2025-11-05,2025-11-05,2025-11-05,180.00
263,WT_ZL_251104_00009,临时订单,--,2025-11-04,14:41:53,2025-11-04,2025-11-04,2025-11-07,320.00
264,WT_ZL_251104_00008,正常订单,小乌龟套装,2025-11-04,12:23:16,2025-11-04,2025-11-04,2025-11-04,60.00
265,WT_ZL_251104_00007,临时订单,--,2025-11-04,11:22:58,2025-11-04,2025-11-04,2025-11-04,50.00
266,WT_ZL_251104_00006,正常订单,中级双板套餐,2025-11-04,10:47:14,2025-11-04,2025-11-07,2025-11-07,720.00
267,WT_ZL_251104_00004,正常订单,Awka小树/nobaday雪服套装,2025-11-04,10:25:41,2025-11-04,2025-11-04,2025-11-04,180.00
268,WT_ZL_251104_00004,正常订单,雪镜,2025-11-04,10:25:41,2025-11-04,2025-11-04,2025-11-04,70.00
269,WT_ZL_251104_00002,正常订单,普通单板套餐,2025-11-04,09:44:15,2025-11-04,2025-11-04,2025-11-04,230.00
270,WT_ZL_251104_00001,临时订单,--,2025-11-04,07:54:16,2025-11-04,2025-11-04,2025-11-04,220.00
271,WT_ZL_251102_00018,临时订单,--,2025-11-02,17:40:29,2025-11-02,2025-11-02,2025-11-02,100.00
272,WT_ZL_251102_00017,临时订单,--,2025-11-02,13:22:17,2025-11-02,2025-11-02,2025-11-02,120.00
273,WT_ZL_251102_00014,临时订单,--,2025-11-02,11:55:06,2025-11-02,2025-11-02,2025-11-02,180.00
274,WT_ZL_251102_00013,临时订单,--,2025-11-02,11:44:00,2025-11-02,2025-11-02,2025-11-02,50.00
275,WT_ZL_251102_00012,临时订单,--,2025-11-02,10:51:44,2025-11-02,2025-11-02,2025-11-03,520.00
276,WT_ZL_251102_00011,临时订单,--,2025-11-02,09:51:22,2025-11-02,2025-11-02,2025-11-02,120.00
277,WT_ZL_251102_00010,临时订单,--,2025-11-02,09:36:15,2025-11-02,2025-11-02,2025-11-02,120.00
278,WT_ZL_251102_00009,临时订单,--,2025-11-02,09:32:02,2025-11-02,2025-11-02,2025-11-02,220.00
279,WT_ZL_251102_00008,临时订单,--,2025-11-02,09:10:09,2025-11-02,2025-11-02,2025-11-03,100.00
280,WT_ZL_251102_00007,临时订单,--,2025-11-02,09:10:05,2025-11-02,2025-11-02,2025-11-02,180.00
281,WT_ZL_251102_00006,临时订单,--,2025-11-02,09:00:39,2025-11-02,2025-11-02,2025-11-02,80.00
282,WT_ZL_251102_00005,临时订单,--,2025-11-02,08:35:46,2025-11-02,2025-11-02,2025-11-02,150.00
283,WT_ZL_251102_00003,正常订单,雪镜,2025-11-02,08:28:31,2025-11-02,2025-11-02,2025-11-02,60.00
284,WT_ZL_251102_00002,正常订单,【成人中端】Awka小树/nobaday,2025-11-02,08:13:42,2025-11-02,2025-11-02,2025-11-02,180.00
285,WT_ZL_251102_00002,正常订单,雪镜,2025-11-02,08:13:42,2025-11-02,2025-11-02,2025-11-02,70.00
286,QJ_ZL_251101_00001,临时订单,--,2025-11-01,21:54:35,2025-11-01,2025-11-01,2025-11-02,30.00
287,WT_ZL_251101_00024,临时订单,--,2025-11-01,19:53:04,2025-11-01,2025-11-01,2025-11-01,50.00
288,WT_ZL_251101_00023,临时订单,--,2025-11-01,19:33:59,2025-11-01,2025-11-01,2025-11-01,100.00
289,WT_ZL_251101_00022,临时订单,--,2025-11-01,18:55:32,2025-11-01,2025-11-01,2025-11-01,200.00
290,WT_ZL_251101_00020,临时订单,--,2025-11-01,18:51:12,2025-11-01,2025-11-01,2025-11-02,100.00
291,WT_ZL_251101_00019,临时订单,--,2025-11-01,18:43:01,2025-11-01,2025-11-01,2025-11-01,180.00
292,WT_ZL_251101_00018,临时订单,--,2025-11-01,18:21:08,2025-11-01,2025-11-01,2025-11-02,600.00
293,WT_ZL_251101_00013,临时订单,--,2025-11-01,14:15:17,2025-11-01,2025-11-01,2025-11-02,520.00
294,WT_ZL_251101_00010,临时订单,--,2025-11-01,13:08:01,2025-11-01,2025-11-01,2025-11-01,180.00
295,WT_ZL_251101_00009,临时订单,--,2025-11-01,12:04:44,2025-11-01,2025-11-01,2025-11-01,120.00
296,WT_ZL_251101_00008,临时订单,--,2025-11-01,12:00:33,2025-11-01,2025-11-01,2025-11-01,180.00
297,WT_ZL_251101_00007,临时订单,--,2025-11-01,10:46:28,2025-11-01,2025-11-01,2025-11-02,600.00
298,WT_ZL_251101_00006,临时订单,--,2025-11-01,10:43:00,2025-11-01,2025-11-01,2025-11-01,120.00
299,WT_ZL_251101_00005,临时订单,--,2025-11-01,09:59:35,2025-11-01,2025-11-01,2025-11-02,240.00
300,WT_ZL_251101_00004,临时订单,--,2025-11-01,09:48:40,2025-11-01,2025-11-01,2025-11-01,60.00
301,WT_ZL_251101_00002,临时订单,--,2025-11-01,09:30:14,2025-11-01,2025-11-01,2025-11-01,270.00
302,WT_ZL_251101_00001,临时订单,--,2025-11-01,08:53:35,2025-11-01,2025-11-01,2025-11-01,140.00
303,WT_ZL_251031_00025,临时订单,--,2025-10-31,18:37:44,2025-10-31,2025-10-31,2025-10-31,180.00
304,WT_ZL_251031_00018,临时订单,--,2025-10-31,13:11:01,2025-10-31,2025-10-31,2025-10-31,60.00
305,WT_ZL_251031_00017,临时订单,--,2025-10-31,12:48:58,2025-10-31,2025-10-31,2025-11-02,540.00
306,WT_ZL_251031_00002,临时订单,--,2025-10-31,10:53:27,2025-10-31,2025-10-31,2025-10-31,470.00
307,WT_ZL_251031_00001,临时订单,--,2025-10-31,10:33:38,2025-10-31,2025-10-31,2025-10-31,120.00
308,WT_ZL_251030_00013,临时订单,--,2025-10-30,18:20:58,2025-10-30,2025-10-30,2025-10-31,180.00
309,WT_ZL_251030_00010,临时订单,--,2025-10-30,17:57:21,2025-10-30,2025-10-30,2025-10-31,220.00
310,WT_ZL_251030_00004,临时订单,--,2025-10-30,09:23:51,2025-10-30,2025-10-30,2025-10-30,220.00
311,WT_ZL_251030_00001,临时订单,--,2025-10-30,08:08:43,2025-10-30,2025-10-30,2025-10-30,100.00
312,WT_ZL_251029_00004,临时订单,--,2025-10-29,17:58:16,2025-10-29,2025-10-29,2025-10-30,50.00
313,WT_ZL_251029_00003,临时订单,--,2025-10-29,09:28:52,2025-10-29,2025-10-29,2025-10-31,1120.00
314,WT_ZL_251029_00002,临时订单,--,2025-10-29,08:29:50,2025-10-29,2025-10-29,2025-10-29,70.00
315,WT_ZL_251029_00001,临时订单,--,2025-10-29,08:07:49,2025-10-29,2025-10-29,2025-10-29,100.00
316,WT_ZL_251028_00012,临时订单,--,2025-10-28,18:31:36,2025-10-28,2025-10-28,2025-10-29,50.00
317,WT_ZL_251028_00011,临时订单,--,2025-10-28,15:30:25,2025-10-28,2025-10-28,2025-10-31,1720.00
318,WT_ZL_251028_00010,临时订单,--,2025-10-28,12:50:46,2025-10-28,2025-10-28,2025-10-28,80.00
319,WT_ZL_251028_00009,临时订单,--,2025-10-28,12:38:17,2025-10-28,2025-10-28,2025-10-28,180.00
320,WT_ZL_251028_00002,临时订单,--,2025-10-28,09:41:37,2025-10-28,2025-10-28,2025-10-28,580.00
321,WT_ZL_251027_00008,临时订单,--,2025-10-27,14:21:29,2025-10-27,2025-10-27,2025-10-28,480.00
322,WT_ZL_251027_00006,临时订单,--,2025-10-27,13:59:02,2025-10-27,2025-10-27,2025-10-28,120.00
323,WT_ZL_251027_00005,临时订单,--,2025-10-27,10:06:05,2025-10-27,2025-10-27,2025-10-27,60.00
324,WT_ZL_251027_00004,临时订单,--,2025-10-27,09:54:55,2025-10-27,2025-10-27,2025-10-27,180.00
325,WT_ZL_251027_00003,临时订单,--,2025-10-27,09:06:09,2025-10-27,2025-10-27,2025-10-27,70.00
326,WT_ZL_251027_00002,临时订单,--,2025-10-27,09:03:43,2025-10-27,2025-10-27,2025-10-27,120.00
327,WT_ZL_251027_00001,临时订单,--,2025-10-27,08:52:04,2025-10-27,2025-10-27,2025-10-27,120.00
328,WT_ZL_251026_00021,临时订单,--,2025-10-26,18:29:03,2025-10-26,2025-10-26,2025-11-05,4240.00
329,WT_ZL_251026_00010,临时订单,--,2025-10-26,15:52:00,2025-10-26,2025-10-26,2025-10-26,120.00
330,WT_ZL_251026_00007,临时订单,--,2025-10-26,12:03:01,2025-10-26,2025-10-26,2025-10-26,50.00
331,WT_ZL_251026_00006,临时订单,--,2025-10-26,11:46:08,2025-10-26,2025-10-26,2025-10-26,400.00
332,WT_ZL_251026_00005,临时订单,--,2025-10-26,11:38:11,2025-10-26,2025-10-26,2025-10-26,300.00
333,WT_ZL_251026_00003,临时订单,--,2025-10-26,10:18:53,2025-10-26,2025-10-26,2025-10-26,120.00
334,WT_ZL_251026_00002,临时订单,--,2025-10-26,10:14:59,2025-10-26,2025-10-26,2025-10-26,290.00
335,WT_ZL_251026_00001,临时订单,--,2025-10-26,08:18:19,2025-10-26,2025-10-26,2025-10-26,130.00
336,WT_ZL_251025_00025,临时订单,--,2025-10-25,21:58:53,2025-10-25,2025-10-25,2025-10-28,80.00
337,WT_ZL_251025_00024,临时订单,--,2025-10-25,20:37:15,2025-10-25,2025-10-25,2025-10-26,120.00
338,WT_ZL_251025_00023,临时订单,--,2025-10-25,19:18:42,2025-10-25,2025-10-25,2025-10-25,100.00
339,WT_ZL_251025_00022,临时订单,--,2025-10-25,18:36:39,2025-10-25,2025-10-25,2025-10-25,180.00
340,WT_ZL_251025_00021,临时订单,--,2025-10-25,17:51:31,2025-10-25,2025-10-25,2025-10-25,180.00
341,WT_ZL_251025_00020,临时订单,--,2025-10-25,17:33:13,2025-10-25,2025-10-25,2025-10-25,100.00
342,WT_ZL_251025_00018,临时订单,--,2025-10-25,17:05:11,2025-10-25,2025-10-25,2025-10-26,360.00
343,WT_ZL_251025_00017,临时订单,--,2025-10-25,12:47:46,2025-10-25,2025-10-25,2025-10-25,120.00
344,WT_ZL_251025_00016,临时订单,--,2025-10-25,12:46:30,2025-10-25,2025-10-25,2025-10-25,120.00
345,WT_ZL_251025_00015,临时订单,--,2025-10-25,12:20:08,2025-10-25,2025-10-25,2025-10-26,640.00
346,WT_ZL_251025_00014,临时订单,--,2025-10-25,12:08:37,2025-10-25,2025-10-25,2025-10-25,120.00
347,WT_ZL_251025_00013,临时订单,--,2025-10-25,11:54:40,2025-10-25,2025-10-25,2025-10-25,50.00
348,WT_ZL_251025_00011,临时订单,--,2025-10-25,10:55:16,2025-10-25,2025-10-25,2025-10-25,110.00
349,WT_ZL_251025_00010,临时订单,--,2025-10-25,10:15:33,2025-10-25,2025-10-25,2025-10-25,200.00
350,WT_ZL_251025_00009,临时订单,--,2025-10-25,10:14:15,2025-10-25,2025-10-25,2025-10-26,100.00
351,WT_ZL_251025_00008,临时订单,--,2025-10-25,10:08:36,2025-10-25,2025-10-25,2025-10-26,900.00
352,WT_ZL_251025_00007,临时订单,--,2025-10-25,09:59:24,2025-10-25,2025-10-25,2025-10-25,230.00
353,WT_ZL_251025_00006,临时订单,--,2025-10-25,09:58:44,2025-10-25,2025-10-25,2025-10-26,440.00
354,WT_ZL_251025_00005,临时订单,--,2025-10-25,09:27:40,2025-10-25,2025-10-25,2025-10-25,180.00
355,WT_ZL_251025_00003,临时订单,--,2025-10-25,08:40:05,2025-10-25,2025-10-25,2025-10-25,260.00
356,WT_ZL_251025_00002,临时订单,--,2025-10-25,08:21:52,2025-10-25,2025-10-25,2025-10-26,240.00
357,WT_ZL_251025_00001,临时订单,--,2025-10-25,08:07:02,2025-10-25,2025-10-25,2025-10-25,120.00
358,WT_ZL_251024_00008,临时订单,--,2025-10-24,18:31:32,2025-10-24,2025-10-24,2025-10-25,200.00
359,WT_ZL_251024_00007,临时订单,--,2025-10-24,12:47:22,2025-10-24,2025-10-24,2025-10-24,50.00
360,WT_ZL_251024_00005,临时订单,--,2025-10-24,11:17:04,2025-10-24,2025-10-24,2025-10-24,150.00
361,WT_ZL_251024_00003,临时订单,--,2025-10-24,10:55:15,2025-10-24,2025-10-24,2025-10-25,1500.00
362,WT_ZL_251024_00001,临时订单,--,2025-10-24,10:00:27,2025-10-24,2025-10-24,2025-10-24,50.00
363,WT_ZL_251023_00006,临时订单,--,2025-10-23,12:14:02,2025-10-23,2025-10-23,2025-10-23,40.00
364,WT_ZL_251023_00005,临时订单,--,2025-10-23,10:21:57,2025-10-23,2025-10-23,2025-10-23,260.00
365,WT_ZL_251023_00004,临时订单,--,2025-10-23,10:13:17,2025-10-23,2025-10-23,2025-10-23,50.00
366,WT_ZL_251023_00003,临时订单,--,2025-10-23,09:46:29,2025-10-23,2025-10-23,2025-10-23,170.00
367,WT_ZL_251023_00002,临时订单,--,2025-10-23,08:58:43,2025-10-23,2025-10-23,2025-10-25,960.00
368,WT_ZL_251023_00001,临时订单,--,2025-10-23,08:42:59,2025-10-23,2025-10-23,2025-10-23,50.00
369,WT_ZL_251022_00011,临时订单,--,2025-10-22,19:02:25,2025-10-22,2025-10-22,2025-10-22,50.00
370,WT_ZL_251022_00010,临时订单,--,2025-10-22,18:54:05,2025-10-22,2025-10-22,2025-10-23,50.00
371,WT_ZL_251022_00003,临时订单,--,2025-10-22,11:25:30,2025-10-22,2025-10-22,2025-10-22,120.00
372,WT_ZL_251021_00001,临时订单,--,2025-10-21,09:48:07,2025-10-21,2025-10-21,2025-10-21,50.00